,,,,,,,,STATUS EFFECT,,POSITION CONSTRAINT,,ENEMY DICE MODIFICATIONS,,,,HERO DICE ROLL MODIFICATIONS,,,,ENEMY ATTRIBUTE MODIFICATIONS,,,,HERO ATTRIBUTE MODIFICATION,,,,ENEMY BASE STATS,,,,,HERO BASE STATS,,,,,ENEMY HEAL,,HERO HEAL,,ENEMY TARGET,,,,,,,,,,,SELF TARGET,,,,,,,,ROLL,MULTI-DICE,,EXPLODING DICE,SEQUENCE MODIFICATION,,,,,,,,,,POSITION MODIFICATION,,TRIGGER ON...,,,,,,TAGS,,,THRESHOLD TRIGGERS ( >25% HEALTH),,,,,ACCUMULATOR,,,,
ACTION,DESCRIPTION,RARITY,CATEGORY,DPS(%),# OF HITS,DAMAGE(%),SPEED(x),DURATION,CADENCE,OPENER,FINISHER,ACCUARCY,HIT,COMBO,CRIT,ACCUARCY,HIT,COMBO,CRIT,STR,AGI,TECH,INT,STR,AGI,TECH,INT,SPEED MOD,DAMAGE MOD,MULTIHIT MOD,AMP_MOD,WEAPON SPEED,ACTION SPEED,WEAPON DAMAGE,ACTION DAMAGE,MULTIHIT MOD,AMP_MOD,HEAL,MAX HEALTH,HEAL,MAX HEALTH,STUN,POISON,BURN,BLEED,WEAKEN,EXPOSE,SLOW,VULNERABILITY,HARDEN,SILENCE,PIERCE,STAT DRAIN,FORTIFY,CONSUME,FOCUS,CLENSE,LIFESTEAL,REFLECT,SELF DAMAGE,REPLACE NEXT ROLL,HIGHEST/LOWEST ROLL,DICE ROLLS,EXLODING DICE THRESHOLD,CURSE,SKIP,JUMP,"DISRUPT
(RESET CHAIN)","GRACE
(ON FAIL NO RESET)",LOOP CHAIN,SHUFFLE,REPLACE ACTION,CHAIN LENGTH,CHAIN POSITION,MODIFY BASED ON CHAIN POISITION,DISTANCE FROM X SLOT,ON HIT,ON MISS,ON CRIT,ON KILL,ON ROOMS CLEARED,ON ROLL VALUE,MODIFY BASED ON TAGS,ADD TAG,REMOVE TAG,TARGET,THRESHOLD CATEGORY,THRESHOLD AMOUNT,BONUS,BONUS ATTRIBUTE,CADENCE,VALUE,ATTRIBUTE,RESET,MODIFY ROOM
JAB,RESET ENEMY ACTION CHAIN,,WEAPON,66%,1,33%,0.50,,,,,,,,,,,,,,,,,,,,,,,,,,,,,,,,,,,,,,,,,,,,,,,,,,,,,,,,,,,,,1,,,,,,,,,,,,,,,,,,,,,,,,,,,
PUNCH HARD,,,,100%,1,100%,1.00,,,,,,,,,,,,,,,,,,,,,,,,,,,,,,,,,,,,,,,,,,,,,,,,,,,,,,,,,,,,,,,,,,,,,,,,,,,,,,,,,,,,,,,,
PUNCH HARDER,,,,130%,1,130%,1.00,,,,,,,,,,,,1,,,,,,,,,,,,,,,,,,,,,,,,,,,,,,,,,,,,,,,,,,,,,,,,,,,,,,,,,,,,,,,,,,,,,,,,,,,,
PUNCH HARDEST,,,,150%,1,150%,1.00,,,,,,,,,,,,,,,,,,,,,,,,,,,,,,,,,,,1,,,,,,,,,,,,,,,,,,,,,,,,,,,,,,,,,,,,,,,,,,,,,,,,,,,,,
TAUNT,,,ENEMY,20%,1,10%,0.50,,,,,,,,,1,,,,-1,1,,,,,,,,,,,,,,,,,,,,,,,,,,,,,,,,,,,,,,,,,,,,,,,,,,,,,,,,,,,,,,,,,,,,,,,,,,
CONCENTRATE,,,,20%,1,10%,0.50,1,ATTACK,,,,,,,1,,,,,,,,,,,,,,,,,,,,,,,,,,,,,,,,,,,,,,,,,,,,,,,,,,,,,,,,,,,,,,,,,,,,,,,,,,,,,,,
STUN,,,,100%,1,100%,1.00,,,,,,,,,,,,,,,,,,,,,,,,,,,,,,,,,,,1,,,,,,,,,,,,,,,,,,,,,,,,,,,,,,,,,,,,,,,,,,,,,,,,,,,,,
CRITICAL ATTACK,,,,150%,1,300%,2.00,,,,,,,,,,,,10,,,,,,,,,,,,,,,,,,,,,,,,,,,,,,,,,,,,,,,,,,,,,,,,,,,,,,,,,,,,,,,,,,,,,,,,,,,,
FLURRY,,,,75%,5,30%,2.00,1,ACTION,,,,,,,,,,,,,,,,1,,,,,,,,,,,3,,,,,,,,,,,,,,,,,,,,,,,,,,,,,,,,,,,,,,,,,,,,,,,,,,,,,,,,,,,
MOMENTUM BASH,,,,50%,1,100%,2.00,1,DUNGEON,,,,,,,,,,,,,,,1,,1,,,,,,,,,,,,,,,,,,,,,,,,,,,,,,,,,,,,,,,,,,,,,,,,,,,,,,,,,,,,,,,,,,,,,
READ BOOK,,,,0%,1,0%,2.00,1,DUNGEON,,,,,,,,,,,,,,,,,,1,,,,,,,,,,,,,,,,,,,,,,,,,,,,,,,,,,,,,,,,,,,,,,,,,,,,,,,,,,,,,,,,,,,,
CHEAP SHOT,,,,520%,1,130%,0.25,3,ATTACK,,,,,,,-1,,,,,,,,,,,,,,,,,,,,,,,,,,,,,,,,,,,,,,,,,,,,,,,,,,,,,,,,,,,,,,,,,,,,,,,,,,,,,,,
BERZERK,,,BARBARIAN,100%,1,100%,1.00,,,,,,,,,,,,,,,,,,,,,,,,,,,,,,,,,,,,,,,,,,,,,,,,,,,,,,,,,,,,,,,,,,,,,,,,,,,,,,,SELF,HEALTH,<25%,5,STR,,,,,
GRUNT,,,,20%,1,10%,0.50,2,ATTACKS,,,,,,,1,,,,,,,,1,,,,,,,,,,,,,,,,,,,,,,,,,,,,,,,,,,,,,,,,,,,,,,,,,,,,,,,,,,,,,,,,,,,,,,,
FUMBLE,,,,1200%,1,300%,0.25,3,ATTACKS,,,,,,,,-3,,,,,,,,,,,,,,,,,,,,,,,,,,,,,,,,,,,,,,,,,,,,,,,,,,,,,,,,,,,,,,,,,,,,,,,,,,,,,,
ONE SHOT,,common,,1200%,1,300%,0.25,3,ATTACKS,,,,,,,,,,,,,,,,,,,,,,,,,,-50%,,,,,,,,,,,,,,,,,,,,,,,,,,,,,,,,,,,,,,,,,,,,,,,,,,,,,,,,,,,,
DRUNKEN BRAWLER,,uncommon,,50%,1,100%,2.00,1,ATTACKS,,,-5,,,,-5,,,,,,,,,,,,,,,,,,,,,,,,,,,,,,,,,,,,,,,,,,,,,,,,,,,,,,,,,,,,,,,,,,,,,,,,,,,,,,,
ANIME POWERUP,,rare,,50%,1,100%,2.00,1,ATTACKS,,,,,,,,1,2,3,,,,,,,,,,,,,,,,,,,,,,,,,,,,,,,,,,,,,,,,,,,,,,,,,,,,,,,,,,,,,,,,,,,,,,,,,,,,
ANIME CHARGE-UP,,,,50%,1,100%,2.00,1,FIGHT,,,,,,,1,,,,,,,,,,,,,,,,,,,,,,,,,,,,,,,,,,,,,,,,,,,,,,,,,,,,,,,,,,,1,,,,,,,,,,,,,,,,,,,,
OVERKILL,,,,50%,1,100%,2.00,1,ATTACK,,,,,,,,,,,,,,,,,,,,,,,,,,50%,,,,,,,,,,,,,,,,,,,,,,,,,,,,,,,,,,,,,,,,,,,,,,,,,,,,,,,,,,,,
DANCE,,,,50%,1,100%,2.00,1,DUNGEON,,,,,,,,,,,,,,,,1,,,,,,,,,,,,,,,,,,,,,,,,,,,,,,,,,,,,,,,,,,,,,,,,,,,,,,,,,,,,,,,,,,,,,,
A CARD THAT GETS WORSE OVER TIME,,,,,,,,,,,,,,,,,,,,,,,,,,,,,,,,,,,,,,,,,,,,,,,,,,,,,,,,,,,,,,,,,,,,,,,,,,,,,,,,,,,,,,,,,,,,,,,
BULK DAY,,,,100%,1,100%,1.00,1,ACTION,,,,,,,,,,,,,,,,,,,,,,,,.2,,150%,,,,,,,,,,,,,,,,,,,,,,,,,,,,,,,,,,,,,,,,,,,,,,,,,,,,,,,,,,,,
GYM PUMP,,,,100%,1,100%,1.00,1,ACTION,,,,,,,,,,,,,,,,,,,,,,,,,,50%,,,,,,,,,,,,,,,,,,,,,,,,,,,,,,,,,,,,,,,,,,,,,,,,,,,,,,,,,,,,
CHUG ENERGY DRINK,,,,100%,1,100%,1.00,3,ATTACKS,,,,,,,,,,,,,,,,,,,,,,,,25%,,,,,,,,,,,,,,,,,,,,,,,,,,,,,,,,,,,,,,,,,,,,,,,,,,,,,,,,,,,,,,
TRUE STRIKE,,,,0%,1,0%,1.00,1,ATTACKS,,,,,,,10,,,,,,,,,,,,,,,,,,,200%,,,,,,,,,,,,,,,,,,,,,,,,,,,,,,,,,,,,,,,,,,,,,,,,,,,,,,,,,,,,
SECOND WIND,,,,100%,1,200%,2.00,,,,,,,,,,,,,,,,,,,,,,,,,,,,,,,,,5,,,,,,,,,,,,,,,,,,,,,,,,,,,,,,,,,,,1,,,,,,,,,,,,,,,,,,,,
QUICK REFLEXES,,,,357%,1,250%,0.70,1,ACTION,,,-5,,,,,,,,,,,,,,,,,,,,,,,,,,,,,,,,,,,,,,,,,,,,,,,,,,,,,,,,,,,,,,,,,,1,,,,,,,,,,,,,,,,,
DEJA VU,,,,50%,1,100%,2.00,,,,,,,,,,,,,,,,,,,,,,,,,,,,,,,,,,,,,,,,,,,,,,,,,,,,,,,,,,,,,,,,,1,,,,,,,,,,,,,,,,,,,,,,,
POWER OVERWHELMING,,,,50%,1,100%,2.00,,,,,,,,,,,,,,,,,,,,,,,,,,,,2x,,,,,,,,,,,,,,,,,,,,,,,,,,,,,,,,,,,,,,,,,,,,,,,,,,,self,STRENGTH,>=10,2x,DAMAGE,,,,,
ANY DAY NOW,,,,125%,1,250%,2.00,1,CHAIN,,,,,,,,,,,,,,,,,,,,,,,,,,,,,,,,,,,,,,,,,,,,,,,,,,,,,,,,,,,,,,,,,,,,,,,,,,,,,,,,,,ACTION,5,ACTION DAMAGE,CHAIN,
I AM INVINCIBLE,,,,125%,1,250%,2.00,1,DUNGEON,,,,,,,,,,,,,,,,,,,,,,,,,,,,,,,,,,,,,,,,,,,,,,,,,,,,,,,,,,,,,,,,,,,,,,,,,,,,,,,,,,ACTION,5,WEAPON DAMAGE,DUNGEON,
AVENGE,,,,0%,1,0%,1.00,1,ATTACK,,,20,,,,,,,,,,,,,,,,,,,,,,,,,,,,,,,,,,,,,,,,,,,,,,,,,,,,,,,,,,,,,,,,,,,,,,,,,,,,,,,,,,,
FOLLOW THROUGH,,,,0%,1,0%,1.00,1,ACTION,,,,,,,,,,,,,,,,,,,,,,,,,,25%,,,,,,,,,,,,,,,,,,,,,,,,,,,,,,,,,,,,,,,,,,,,,,,,,,,,,,,,,,,,
OPENING VOLLEY,,,,133%,1,100%,0.75,4,ATTACKS,1,,,,,,,,,,,,,,,,,,,,,,,,20,,,,,,,,,,,,,,,,,,,,,,,,,,,,,,,,,,,,,,,,,,,,,,,,,,,,,,,,,ATTACK,-5,WEAPON DAMAGE,,
WEINING LIGHT,,,,133%,1,100%,0.75,1,FIGHT,,,,,,,,,,,,,,,,,,,,,,,,,20,,,,,,,,,,,,,,,,,,,,,,,,,,,,,,,,,,,,,,,,,,,,,,,,,,,,,,,,,ATTACK,-1,WEAPON DAMAGE,FIGHT,
MIRROR FLEXING,,,,100%,1,100%,1.00,,,,,,,,,,,,,,,,,,,,,,,,,,,,25%,,,,,,,,,,,,,,,,,,,,,,,,,,,,,,,,,,,,,,,,1,,,,,,,,,,,,,,,,,,,,
ROGUES GAMBIT,,,,25%,1,25%,1.00,,,,,,,,,,,,,,,,,,,,,,,,,,,,,,,,,,,,,,,,,,,,,,,,,,,,,,,,,,,,,,,,,,,,,,,,,,,,,,,SELF,HEALTH,<25%,2x,AGILITY,,,,,
POISON TIP,,,,120%,1,120%,1.00,1,FIGHT,,,,,,,,,,,,,,,,,,,,,,,,,,,,,,,,,,1,,,,,,,,,,,,,,,,,,,,,,,,,,,,,,,,,,,,,,,,,,,,,,,,,,,,
LUCKY PUNCH,,,,0%,1,0%,3.00,1,ACTION,,,,,,,-14,,,,,,,,,,,,,,,,,,,500%,,,,,,,,,,,,,,,,,,,,,,,,,,,,,,,,,,,,,,,,,,,,,,,,,,,,,,,,,,,,
SLAM,,,,120%,1,120%,1.00,2,ACTION,,,,,,,,,,,,,,,,,,,,,,,,,,200%,,,,,,,,,,,,,,,,,,,,,,,,,,,,,,,,,,,,,,,,,,,,,,,,,,,,,,,,,,,,
PUNCH RABID,,,,360%,3,120%,1.00,4,ACTIONS,,,,,,,,3,2,,,,,,,,,,,,,,,,,,,,,,,,,,,,,,,,,,,,,,,,,,,,,,,,,,,,,,,,,,,,,,,,,,,,,,,,,,,,,
BLOOD KNIFE,,,,67%,1,50%,0.75,2,ACTIONS,,,,,,,,,,,,,,,,,,,,,,,,,,200%,,,,,25,,,,,,,,,,,,,,,,,,,,1,,,,,,,,,,,,,,,,,,,,,,,,,,,,,,,,,,,
HOLY HEALY,,,,0%,1,0%,0.50,,,,,,,,,,,,,,,,,,,,,,,,,,,,,,,,,25,,,,,,,,,,,,,,,,,,,,,,,,,,,,,,,,,,,,,,,,,,,,,,,,,,,,,,,
BLOODY SUNDAY,,,,33%,1,100%,3.00,1,FIGHT,,1,,,,,,,,,,,,,,,,,,,,,,,,TOTAL SELF DAMAGE,,,,,,,,,,,,,,,,,,,,,,,,,,,,,,,,,,,,,,,,,,,,,,,,,,,,,,,,,,,,
24/7/365,,,,33%,1,100%,3.00,,,,,,,,,,,,,,,,,,,,,,,,,,10% FOR EACH TURN,,,,,,,,,,,,,,,,,,,,,,,,,,,,,,,,,,,,,,,,,,,,,,,,,,,,,,,,,,,,,,
PRETTY BOY SWAG,,,,17%,1,50%,3.00,1,DUNGEON,,,,,,,,,,5,,,,,3,,,,,,,,,,,,,,,,,,,,,,,,,,,,,,,,,,,,,,,,,,,,,,,,,,,,,,,,,,,,,,,,,,,,,,,
OPENING CUT,,,,100%,1,100%,1.00,1,ACTION,1,,,,,,,2,,,,,,,,,,,,,,,,,,25%,,,,,,,,,,,,,,,,,,,,,,,,,,,,,,,,,,,,,,,,,,,,,,,,,,,,,,,,,,,,
RAZOR MARGIN,,,,114%,1,125%,1.10,,,,,,,,,,-2,,2,,,,,,,,,,,,,,,,,,,,,,,,,,,,,,,,,,,,,,,,,,,,,,,,,,,,,,,,,,,,,,,,,,,,,,,,,,,,
FOCUSED BREATHING,,,,36%,1,25%,0.70,1,FIGHT,,,,,,,1,,,,,,,,,,,,,,,,,,,,,,,,,,,,,,,,,,,,,,,,,,,,,,,,,,,,,,,,,,,,,,,,,,,,,,,,,,,,,,,
ADRENAL SURGE,,,,167%,1,150%,0.90,1,FIGHT,,,,,,,,,,,,,,,,,,,,,,,,,,25%,,,,,,,,,,,,,,,,,,,,,,,,,"ON CRIT, ON MISS",,,,,,,,,,,,,,,,,,SELF DAMAGE,SELF DAMAGE,,,,,,,,,,,,,,,,
TENSION HOLD,,,,100%,1,100%,1.00,1,FIGHT,,,,,,,,,1,,,,,,,,,,,,,,,,,,,,,,,,,,,,,,,,,,,,,,,,,,,,,,,,,,,,,,,,,,,,,,,,,,,,,,,,,,,,,
LATE BLOOM,,,,20%,1,30%,1.50,,,,1,,,,,,,,,,,,,,,,,,,,,,,,,,,,,,,,,,,,,,,,,,,,,,,,,,,,,,,,,,,,,,,,,,,,,,,,,,,SELF,CHAIN POSITION,>3,3x,ACTION DAMAGE,,,,,
MEASURED PATIENCE,,,,0%,1,0%,0.60,1,ACTION,,,,,,,,2,,,,,,,,,,,,,,,,,,,,,,,,,,,,,,,,,,,,,,,,,,,,,,,,,,,,,,,,,,,,,,COMBO,,,,,,,,,,,,,,,,
MEASURED ADVANCE,,,,94%,1,75%,0.80,1,ACTION,,,,,,,,,1,,,,,,,,,,,,,,,,,,,,,,,,,,,,,,,,,,,,,,,,,,,,,,,,,,,,,,,,,,,,,,,,,,,,,,,,,,,,,
GLASS STRIKE,,,,188%,1,300%,1.60,1,FIGHT,,,,,,,,,,,,,,,,,,,,,,,,,1,,,,,,,,,,,,,,,,,,,,,,,,,,,,,,,,,,,,,,,,,,,,SELF DAMAGE,SELF DAMAGE,,,,,,,,,,,,,,,,
STATIC ODDS,,,,100%,1,100%,1.00,1,ACTION,,,,,,,,,,,,,,,,,,,,,,,,,,,,,,,,,,,,,,,,,,,,,,,,,,,,1,,,,,,,,,,,,,,,,,,,,,,,,,,,,,,,,,,
LUCKY CHARM,,,,0%,1,0%,0.25,1,ATTACK,,,,,,,14,,,,,,,,,,,,,,,,,,,,,,,,,,,,,,,,,,,,,,,,,,,,,,,,,,,,,,,,,,,,,,,,,,,,,,,,,,,,,,,
SWIFT,,,,0%,1,0%,0.70,1,COMBO,,,,,,,,,,,,,,,,,,,,,,,,50%,,,,,,,,,,,,,,,,,,,,,,,,,,,,,,,,,,,,,,,,,,1,,,,,,,,,,,,,,,,,,,,
EXHAUSTING RHYTHM,,,,104%,1,125%,1.20,1,FIGHT,,,,,,,,,,,,,,,,,,,,,,,,10%,,,,,,,,,,,,,,,,,,,,,,,,,,,,,,,,,,,,,,,,,,1,,,,,,,,,,,,,,,,,,,,
WINDED STATE,,,,55%,1,71%,1.30,1,FIGHT,,,,,,,,,,,,,,,,,,,,,,,,10%,,,,,,,,,,,,,,,,,,,,,,,,,,,,,,,,1,,,,,,,,,,1,,,,,,,,,,,,,,,,,,,,
OVERHAND SMASH,,,,147%,1,250%,1.70,,,,,,,,,,-2,,2,,,,,,,,,,,,,,,,,,,,,,,1,,,,,,,,,,,,,,,,,,,,,,,,,,,,,,,,,,,,,STUN,,,,,,,,,,,,,,,,
HOLD TEMPO,,,,42%,1,25%,0.60,1,CHAIN,,,,,,,,,,,,,,,,,,,,,,,,,,,,,,,,,,,,,,,,,,,,,,,,,,,,,,,,,,,,1,,,,,,,,,,,,,,,,,,,,,,,,,,
BACKSTEP SLASH,,,,71%,1,50%,0.70,1,ACTION,,,,,,,,2,,,,,,,,,,,,,,,,,,,,,,,,,,,,,,,,,,,,,,,,,,,,,,,,,,,,,,,,,-1,,,,,,,,,,,,,,,,,,,,,
CRUSHING FOLLOW-THROUGH,,,,135%,1,175%,1.30,1,ACTION,,,,,,,,,,,,,,,,,,,,,,,,0.25%,,0.50%,,,,,,,,,,,,,,,,,,,,,,,,,,,,,,,,,,,,,,,-1,,,,,,,,,,,,,,,,,,,,,
ALL IN,,,,200%,1,400%,2.00,,,,,,,,,,-10,,10,,,,,,,,,,,,,,,,,,,,,,,,,,,,,,,,,,,,,,,,,,,,,,,,,,,,,,,,,,,,,,,,,,,,,,,,,,,,
FINAL REP,,,,133%,1,400%,3.00,1,ACTION,,1,,,,,3,,,,,,,,,,,,,,,,,,,,,,,,,,,,,,,,,,,,,,,,,,,,,,,,,,,,,,,,,,,,,,,,,,,,,,,,,,,,,,,
HOLLOW ADVANCE,,,,0%,1,0%,0.70,,,,,,,,,,,1,,,,,,,,,,,,,,,,,,,,,,,,,,,,,,,,,,,,,,,,,,,,,,,,,,,,,,,,1,,,,,,,,,,,,,,,,,,,,,
SLAPBACK ECHO,,,,63%,1,50%,0.80,,,,,,,,,,,,,,,,,,,,,,,,,,,,-50%,,,,,,,,,,,,,,,,,,,,,,,,,,,,,,,,,,,,,1,,,,,,,,,,,,,,,,,,,,,,,
PERFECT LINE,,,,100%,1,100%,1.00,1,ACTION,,,,,,,,,4,,,,,,,,,,,,,,,,,,,,,,,,,,,,,,,,,,,,,,,,,,,,,,,,,,,,,,,,4,,,,,,,,,,,,,,,,,,,,,
SOFT MISS,,,,50%,1,50%,1.00,,,,,,,,,,5,-5,,,,,,,,,,,,,,,,,,,,,,,,,,,,,,,,,,,,,,,,,,,,,,,,,,,,,,,,,,,,,,,,,,,,,,,,,,,,,
CONTROLLED BURST,,,,109%,2,60%,1.10,1,ACTION,,,,,,,,1,,,,,,,,,,,,,,,,,,,,,,,,,,,,,,,,,,,,,,,,,,,,,,,,,,,,,,,,,,,,,,COMBO,,,,,,,,,,,,,,,,
PHANTOM FOLLOW-UP,,,,0%,1,0%,0.50,,,,,,,,,,,1,,,,,,,,,,,,,,,,,,,,,,,,,,,,,,,,,,,,,,,,,,,,,,,,,,,,,,,,,,,,,,,,,,,,,,,,,,,,,
FINAL PUSH,,,,200%,1,500%,2.50,,,,1,,,,,,,,,,,,,,,,,,,,,,,,consume,,,,,,,,,,,,,,,,,,,,1,,,,,,,,,,,,,1,,,,,+ 1,,,,,,,,,,,,,,,,,,,,,,
RISING PRESSURE,,,,100%,1,100%,1.00,1,COMBO,,,,,,,,,,,,,,,,,,,,,,,,,,15%,,,,,,,,,,,,,,,,,,,,,,,,,,,,,,,,,,,,,,,,1,,,,,,,,,,,,,,,,,,,,
TEMPO SHIFT,,,,100%,1,100%,1.00,,,,,,,,,,,swap with crit,swap with combo,,,,,,,,,,,,,,,,,,,,,,,,,,,,,,,,,,,,,,,,,,,,,,,,,,,,,,,,,,,,,,,,,,,,,,,,,,,,
BRUTAL FLOOR,,,,150%,1,150%,1.00,1,ATTACK,,,,,,,,5,,,,,,,,,,,,,,,,,,,,,,,,,,,,,,,,,,,,,,,,,,,,,,,,,,,,,,,,,,,,,,,,,,,,,,,,,,,,,,
OVERCOMMIT,,,,167%,1,500%,3.00,,,,,,,,,-14,,,,,,,,,,,,,,,,,,,,,,,,,,,,,,,,,,,,,,,,,,,,,,,,,,,,,,,,,,,,,,,,,,,,,,,,,,,,,,,
CALM BEFORE STORM,,,,0%,1,0%,0.60,1,ACTION,,,,,,,,,,,,,,,,,,,,,,,,20%,,50%,,,,,,,,,,,,,,,,,,,,,,,,,,,,,,,,,,,,,,,,,,,,,,,,,,,,,,,,,,,,
CHANNEL,,,,0%,1,0%,1.00,1,ACTION,,,,,,,,,,,,,,,,,,,,,,,,,,,,,,,,,,,,,,,,,,,,,,,1,,,,,,,,,,,,,,,,,,,,,,,,,,,,,,,,,,,,,,,
CALCULATED RISK,,,,154%,1,200%,1.30,1,ACTION,,,,,,,,-2,,2,,,,,,,,,,,,,,,,,,,,,,,,,,,,,,,,,,,,,,,,,,,,,,,,,,,,,,,,,,,,,,,,,,,,,,,,,,,,
AMPLIFY ACCURACY,,,,0%,1,0%,1.00,1,ACTION,,,20,,,,,,,,,,,,,,,,,,,,,,,,,,,,,,,,,,,,,,,,,,,,,,,,,,,,,,,,,,,,,,,,,,,,,,,,,,,,,,,,,,,
GROUNDHOGS DAY,,,,0%,1,0%,1.00,,,,,,,,,,,,,,,,,3,,,,,,,,,,,,,,100%,,100%,,,,,,,,,,,,,,,,,,,,,,,,,,,,,,,,,,,,,,,,,,,,,,,COMBO POSITION,>7,,,,,,,
DOMAIN EXPANSION,,,,0%,1,0,1.00,3,ACTIONS,,1,,,,,,,14,,,,,,,,,,,,,,,500%,,,,,,,,,,,,,,,,,,,,,,,,,,,,,,,,,,,,,1,,,,,,,,,,,,,,,,,,,,,,,,,
EARLY BIRD GETS THE WORM,,,,143%,1,1,0.70,1,ACTIONS,,,,,,,,,,,,,,,,,,,,,,,,,,,,,,,,,,,,,,,,,,,,,,1,,,,,,,,,,,,,,,,,,,,,,,,,,,,,,,,,,,,,,,,